,0,1,2,3,4,5,6,7,8,9,10,11,12,13
0,Punk,#1119,For,Sale:,444,ETH,"($1,141,661.67",USD),Bid:,150,ETH,"($385,696.51",USD),
0,Punk,#3645,For,Sale:,50,ETH,"($128,565.50",USD),Bid:,44,ETH,"($113,137.64",USD),
0,Punk,#392,Bid:,40,ETH,"($102,852.40",USD),,,,,,,
0,Punk,#88,Bid:,33,ETH,"($84,853.23",USD),,,,,,,
0,Punk,#741,Bid:,31,ETH,"($79,710.61",USD),,,,,,,
0,Punk,#3914,For,Sale:,38,ETH,"($97,709.78",USD),Bid:,31,ETH,"($79,710.61",USD),
0,Punk,#3157,Bid:,30,ETH,"($77,139.30",USD),,,,,,,
0,Punk,#240,For,Sale:,57.88,ETH,"($148,827.43",USD),Bid:,29,ETH,"($74,567.99",USD),
0,Punk,#8990,For,Sale:,99.99,ETH,"($257,105.29",USD),Bid:,28,ETH,"($71,996.68",USD),
0,Punk,#2637,Bid:,25,ETH,"($64,282.75",USD),,,,,,,
0,Punk,#6026,Bid:,22,ETH,"($56,568.82",USD),,,,,,,
0,Punk,#7389,Bid:,21,ETH,"($53,997.51",USD),,,,,,,
0,Punk,#4410,For,Sale:,39,ETH,"($100,281.09",USD),Bid:,20,ETH,"($51,426.20",USD),
0,Punk,#281,Bid:,20,ETH,"($51,426.20",USD),,,,,,,
0,Punk,#3307,Bid:,20,ETH,"($51,426.20",USD),,,,,,,
0,Punk,#9523,Bid:,20,ETH,"($51,426.20",USD),,,,,,,
0,Punk,#8902,Bid:,17,ETH,"($43,712.27",USD),,,,,,,
0,Punk,#3364,Bid:,17,ETH,"($43,712.27",USD),,,,,,,
0,Punk,#9190,For,Sale:,20.5,ETH,"($52,711.86",USD),Bid:,16,ETH,"($41,140.96",USD),
0,Punk,#7281,For,Sale:,19.99,ETH,"($51,400.49",USD),Bid:,16,ETH,"($41,140.96",USD),
0,Punk,#4613,For,Sale:,20,ETH,"($51,426.20",USD),Bid:,16,ETH,"($41,140.96",USD),
0,Punk,#2057,Bid:,15,ETH,"($38,569.65",USD),,,,,,,
0,Punk,#510,Bid:,15,ETH,"($38,569.65",USD),,,,,,,
0,Punk,#610,For,Sale:,28.88,ETH,"($74,259.43",USD),Bid:,15,ETH,"($38,569.65",USD),
0,Punk,#4360,Bid:,14.5,ETH,"($37,284.00",USD),,,,,,,
0,Punk,#6265,For,Sale:,14.89,ETH,"($38,286.81",USD),Bid:,14.3,ETH,"($36,769.73",USD),
0,Punk,#6643,For,Sale:,15,ETH,"($38,569.65",USD),Bid:,14,ETH,"($35,998.34",USD),
0,Punk,#3421,For,Sale:,14.9,ETH,"($38,312.52",USD),Bid:,14,ETH,"($35,998.34",USD),
0,Punk,#8608,Bid:,13,ETH,"($33,427.03",USD),,,,,,,
0,Punk,#9626,Bid:,12.34,ETH,"($31,729.97",USD),,,,,,,
0,Punk,#8348,Bid:,10,ETH,"($25,713.10",USD),,,,,,,
0,Punk,#7121,Bid:,5,ETH,"($12,856.55",USD),,,,,,,
0,Punk,#5,Bid:,4.2,ETH,"($10,799.50",USD),,,,,,,
0,Punk,#8146,Bid:,3.03,ETH,"($7,791.07",USD),,,,,,,
0,Punk,#7647,Bid:,3,ETH,"($7,713.93",USD),,,,,,,
0,Punk,#112,Bid:,2.5,ETH,"($6,428.28",USD),,,,,,,
0,Punk,#2466,Bid:,2,ETH,"($5,142.62",USD),,,,,,,
0,Punk,#9961,Bid:,2,ETH,"($5,142.62",USD),,,,,,,
0,Punk,#7822,Bid:,2,ETH,"($5,142.62",USD),,,,,,,
0,Punk,#3092,Bid:,2,ETH,"($5,142.62",USD),,,,,,,
0,Punk,#1726,Bid:,1.5,ETH,"($3,856.97",USD),,,,,,,
0,Punk,#8252,Bid:,1,ETH,"($2,571.31",USD),,,,,,,
0,Punk,#3865,Bid:,1,ETH,"($2,571.31",USD),,,,,,,
0,Punk,#2267,Bid:,1,ETH,"($2,571.31",USD),,,,,,,
0,Punk,#5613,Bid:,1,ETH,"($2,571.31",USD),,,,,,,
0,Punk,#1984,Bid:,1,ETH,"($2,571.31",USD),,,,,,,
0,Punk,#9384,Bid:,1,ETH,"($2,571.31",USD),,,,,,,
0,Punk,#9345,Bid:,1,ETH,"($2,571.31",USD),,,,,,,
0,Punk,#1496,Bid:,1,ETH,"($2,571.31",USD),,,,,,,
0,Punk,#7430,Bid:,1,ETH,"($2,571.31",USD),,,,,,,
0,Punk,#780,Bid:,1,ETH,"($2,571.31",USD),,,,,,,
0,Punk,#2280,Bid:,0.78,ETH,"($2,005.62",USD),,,,,,,
0,Punk,#4123,Bid:,0.75,ETH,"($1,928.48",USD),,,,,,,
0,Punk,#3665,Bid:,0.65,ETH,"($1,671.35",USD),,,,,,,
0,Punk,#4989,Bid:,0.6,ETH,"($1,542.79",USD),,,,,,,
0,Punk,#1121,Bid:,0.6,ETH,"($1,542.79",USD),,,,,,,
0,Punk,#3116,Bid:,0.5,ETH,"($1,285.66",USD),,,,,,,
0,Punk,#8227,Bid:,0.5,ETH,"($1,285.66",USD),,,,,,,
0,Punk,#4640,Bid:,0.5,ETH,"($1,285.66",USD),,,,,,,
0,Punk,#5186,Bid:,0.5,ETH,"($1,285.66",USD),,,,,,,
0,Punk,#226,Bid:,0.41,ETH,"($1,054.24",USD),,,,,,,
0,Punk,#6074,Bid:,0.4,ETH,"($1,028.52",USD),,,,,,,
0,Punk,#4827,Bid:,0.4,ETH,"($1,028.52",USD),,,,,,,
0,Punk,#3639,Bid:,0.4,ETH,"($1,028.52",USD),,,,,,,
0,Punk,#5921,Bid:,0.36,ETH,($938.53,USD),,,,,,,
0,Punk,#9457,Bid:,0.35,ETH,($899.96,USD),,,,,,,
0,Punk,#5524,Bid:,0.31,ETH,($797.11,USD),,,,,,,
0,Punk,#7670,Bid:,0.31,ETH,($797.11,USD),,,,,,,
0,Punk,#4677,Bid:,0.31,ETH,($797.11,USD),,,,,,,
0,Punk,#5719,Bid:,0.3,ETH,($771.39,USD),,,,,,,
0,Punk,#3176,Bid:,0.3,ETH,($771.39,USD),,,,,,,
0,Punk,#9446,Bid:,0.3,ETH,($771.39,USD),,,,,,,
0,Punk,#9832,Bid:,0.3,ETH,($771.39,USD),,,,,,,
0,Punk,#9129,For,Sale:,605,ETH,"($1,555,642.59",USD),Bid:,0.3,ETH,($771.39,USD),
0,Punk,#9969,For,Sale:,50,ETH,"($128,565.50",USD),Bid:,0.3,ETH,($771.39,USD),
0,Punk,#3556,Bid:,0.3,ETH,($771.39,USD),,,,,,,
0,Punk,#8425,Bid:,0.3,ETH,($771.39,USD),,,,,,,
0,Punk,#8364,Bid:,0.3,ETH,($771.39,USD),,,,,,,
0,Punk,#1492,Bid:,0.3,ETH,($771.39,USD),,,,,,,
0,Punk,#6680,Bid:,0.3,ETH,($771.39,USD),,,,,,,
0,Punk,#6315,Bid:,0.3,ETH,($771.39,USD),,,,,,,
0,Punk,#5941,Bid:,0.3,ETH,($771.39,USD),,,,,,,
0,Punk,#5157,Bid:,0.3,ETH,($771.39,USD),,,,,,,
0,Punk,#5141,Bid:,0.3,ETH,($771.39,USD),,,,,,,
0,Punk,#2147,Bid:,0.28,ETH,($719.97,USD),,,,,,,
0,Punk,#1055,Bid:,0.28,ETH,($719.97,USD),,,,,,,
0,Punk,#3032,For,Sale:,115,ETH,"($295,700.66",USD),Bid:,0.28,ETH,($719.97,USD),
0,Punk,#9803,Bid:,0.26,ETH,($668.54,USD),,,,,,,
0,Punk,#7010,Bid:,0.25,ETH,($642.83,USD),,,,,,,
0,Punk,#61,Bid:,0.25,ETH,($642.83,USD),,,,,,,
0,Punk,#789,Bid:,0.25,ETH,($642.83,USD),,,,,,,
0,Punk,#738,Bid:,0.25,ETH,($642.83,USD),,,,,,,
0,Punk,#105,Bid:,0.25,ETH,($642.83,USD),,,,,,,
0,Punk,#5977,Bid:,0.25,ETH,($642.83,USD),,,,,,,
0,Punk,#9142,Bid:,0.25,ETH,($642.83,USD),,,,,,,
0,Punk,#6548,Bid:,0.25,ETH,($642.83,USD),,,,,,,
0,Punk,#6663,Bid:,0.25,ETH,($642.83,USD),,,,,,,
0,Punk,#122,Bid:,0.25,ETH,($642.83,USD),,,,,,,
0,Punk,#9454,Bid:,0.25,ETH,($642.83,USD),,,,,,,
0,Punk,#5964,Bid:,0.25,ETH,($642.83,USD),,,,,,,
0,Punk,#798,Bid:,0.25,ETH,($642.83,USD),,,,,,,
0,Punk,#9549,Bid:,0.23,ETH,($601.69,USD),,,,,,,
0,Punk,#9999,Bid:,0.22,ETH,($570.83,USD),,,,,,,
0,Punk,#860,Bid:,0.22,ETH,($565.70,USD),,,,,,,
0,Punk,#5277,Bid:,0.22,ETH,($565.69,USD),,,,,,,
0,Punk,#268,Bid:,0.21,ETH,($539.98,USD),,,,,,,
0,Punk,#4314,Bid:,0.21,ETH,($539.98,USD),,,,,,,
0,Punk,#187,Bid:,0.21,ETH,($539.98,USD),,,,,,,
0,Punk,#6437,Bid:,0.21,ETH,($539.98,USD),,,,,,,
0,Punk,#432,Bid:,0.21,ETH,($539.98,USD),,,,,,,
0,Punk,#3005,Bid:,0.21,ETH,($539.72,USD),,,,,,,
0,Punk,#1998,Bid:,0.21,ETH,($532.26,USD),,,,,,,
0,Punk,#8461,For,Sale:,70,ETH,"($179,991.70",USD),Bid:,0.2,ETH,($514.26,USD),
0,Punk,#2644,Bid:,0.2,ETH,($514.26,USD),,,,,,,
0,Punk,#3886,Bid:,0.2,ETH,($514.26,USD),,,,,,,
0,Punk,#7748,For,Sale:,99,ETH,"($254,559.70",USD),Bid:,0.2,ETH,($514.26,USD),
0,Punk,#7719,Bid:,0.2,ETH,($514.26,USD),,,,,,,
0,Punk,#704,Bid:,0.2,ETH,($514.26,USD),,,,,,,
0,Punk,#1170,Bid:,0.2,ETH,($514.26,USD),,,,,,,
0,Punk,#1290,Bid:,0.2,ETH,($514.26,USD),,,,,,,
0,Punk,#1293,Bid:,0.2,ETH,($514.26,USD),,,,,,,
0,Punk,#7395,Bid:,0.2,ETH,($514.26,USD),,,,,,,
0,Punk,#7441,Bid:,0.2,ETH,($514.26,USD),,,,,,,
0,Punk,#286,For,Sale:,29.99,ETH,"($77,113.59",USD),Bid:,0.2,ETH,($514.26,USD),
0,Punk,#1648,Bid:,0.2,ETH,($514.26,USD),,,,,,,
0,Punk,#9994,Bid:,0.2,ETH,($514.26,USD),,,,,,,
0,Punk,#6160,Bid:,0.2,ETH,($514.26,USD),,,,,,,
0,Punk,#3850,Bid:,0.2,ETH,($514.26,USD),,,,,,,
0,Punk,#2401,For,Sale:,29,ETH,"($74,567.99",USD),Bid:,0.2,ETH,($514.26,USD),
0,Punk,#3343,For,Sale:,34.98,ETH,"($89,944.43",USD),Bid:,0.2,ETH,($514.26,USD),
0,Punk,#4759,Bid:,0.2,ETH,($514.26,USD),,,,,,,
0,Punk,#4531,Bid:,0.2,ETH,($514.26,USD),,,,,,,
0,Punk,#4396,Bid:,0.2,ETH,($514.26,USD),,,,,,,
0,Punk,#9621,Bid:,0.18,ETH,($467.21,USD),,,,,,,
0,Punk,#6796,Bid:,0.15,ETH,($385.70,USD),,,,,,,
0,Punk,#4784,Bid:,0.15,ETH,($385.70,USD),,,,,,,
0,Punk,#3135,Bid:,0.15,ETH,($385.70,USD),,,,,,,
0,Punk,#8773,Bid:,0.15,ETH,($385.70,USD),,,,,,,
0,Punk,#7022,Bid:,0.15,ETH,($385.70,USD),,,,,,,
0,Punk,#3133,For,Sale:,23,ETH,"($59,140.13",USD),Bid:,0.15,ETH,($385.70,USD),
0,Punk,#8135,Bid:,0.12,ETH,($321.41,USD),,,,,,,
0,Punk,#8390,Bid:,0.12,ETH,($313.70,USD),,,,,,,
0,Punk,#1694,For,Sale:,79,ETH,"($203,133.49",USD),Bid:,0.12,ETH,($308.56,USD),
0,Punk,#5787,Bid:,0.12,ETH,($308.56,USD),,,,,,,
0,Punk,#3839,Bid:,0.12,ETH,($308.56,USD),,,,,,,
0,Punk,#1867,Bid:,0.11,ETH,($285.67,USD),,,,,,,
0,Punk,#1952,Bid:,0.11,ETH,($282.84,USD),,,,,,,
0,Punk,#2207,Bid:,0.11,ETH,($282.84,USD),,,,,,,
0,Punk,#101,Bid:,0.1,ETH,($259.70,USD),,,,,,,
0,Punk,#7296,Bid:,0.1,ETH,($257.13,USD),,,,,,,
0,Punk,#1203,For,Sale:,125,ETH,"($321,413.76",USD),Bid:,0.1,ETH,($257.13,USD),
0,Punk,#5203,Bid:,0.1,ETH,($257.13,USD),,,,,,,
0,Punk,#6141,Bid:,0.1,ETH,($257.13,USD),,,,,,,
0,Punk,#7718,Bid:,0.1,ETH,($257.13,USD),,,,,,,
0,Punk,#6653,Bid:,0.1,ETH,($257.13,USD),,,,,,,
0,Punk,#6521,Bid:,0.1,ETH,($257.13,USD),,,,,,,
0,Punk,#3300,Bid:,0.1,ETH,($257.13,USD),,,,,,,
0,Punk,#9615,Bid:,0.1,ETH,($257.13,USD),,,,,,,
0,Punk,#9552,Bid:,0.1,ETH,($257.13,USD),,,,,,,
0,Punk,#6495,Bid:,0.1,ETH,($257.13,USD),,,,,,,
0,Punk,#6202,Bid:,0.1,ETH,($257.13,USD),,,,,,,
0,Punk,#7384,Bid:,0.1,ETH,($257.13,USD),,,,,,,
0,Punk,#3348,For,Sale:,"10,000,000,000,000,000,000,000,000",ETH,"($25,713,100,585,937,500,000,000,000,000.00",USD),Bid:,0.1,ETH,($257.13,USD),
0,Punk,#5646,Bid:,0.1,ETH,($257.13,USD),,,,,,,
0,Punk,#1100,Bid:,0.1,ETH,($257.13,USD),,,,,,,
0,Punk,#17,Bid:,0.1,ETH,($257.13,USD),,,,,,,
0,Punk,#3148,Bid:,0.1,ETH,($257.13,USD),,,,,,,
0,Punk,#2356,Bid:,0.1,ETH,($257.13,USD),,,,,,,
0,Punk,#5152,Bid:,0.1,ETH,($257.13,USD),,,,,,,
0,Punk,#1132,Bid:,0.1,ETH,($257.13,USD),,,,,,,
0,Punk,#3937,Bid:,0.1,ETH,($257.13,USD),,,,,,,
0,Punk,#4834,Bid:,0.1,ETH,($257.13,USD),,,,,,,
0,Punk,#3062,For,Sale:,143,ETH,"($367,697.34",USD),Bid:,0.1,ETH,($257.13,USD),
0,Punk,#8943,Bid:,0.09,ETH,($231.42,USD),,,,,,,
0,Punk,#4435,Bid:,0.08,ETH,($205.70,USD),,,,,,,
0,Punk,#6336,Bid:,0.08,ETH,($205.70,USD),,,,,,,
0,Punk,#7227,Bid:,0.08,ETH,($205.70,USD),,,,,,,
0,Punk,#1822,Bid:,0.07,ETH,($179.99,USD),,,,,,,
0,Punk,#9049,Bid:,0.07,ETH,($171.25,USD),,,,,,,
0,Punk,#2029,Bid:,0.06,ETH,($167.14,USD),,,,,,,
0,Punk,#8347,Bid:,0.06,ETH,($154.28,USD),,,,,,,
0,Punk,#5786,Bid:,0.06,ETH,($154.28,USD),,,,,,,
0,Punk,#6247,Bid:,0.06,ETH,($154.28,USD),,,,,,,
0,Punk,#6120,Bid:,0.06,ETH,($154.28,USD),,,,,,,
0,Punk,#8450,Bid:,0.06,ETH,($154.28,USD),,,,,,,
0,Punk,#5845,Bid:,0.06,ETH,($154.28,USD),,,,,,,
0,Punk,#5804,Bid:,0.06,ETH,($154.28,USD),,,,,,,
0,Punk,#5800,Bid:,0.06,ETH,($154.28,USD),,,,,,,
0,Punk,#4128,Bid:,0.06,ETH,($154.28,USD),,,,,,,
0,Punk,#8866,Bid:,0.06,ETH,($154.28,USD),,,,,,,
0,Punk,#3087,Bid:,0.06,ETH,($154.28,USD),,,,,,,
0,Punk,#8631,Bid:,0.06,ETH,($154.28,USD),,,,,,,
0,Punk,#6908,Bid:,0.06,ETH,($154.28,USD),,,,,,,
0,Punk,#7307,For,Sale:,41,ETH,"($105,423.71",USD),Bid:,0.06,ETH,($141.42,USD),
0,Punk,#8624,Bid:,0.06,ETH,($141.42,USD),,,,,,,
0,Punk,#1455,Bid:,0.05,ETH,($133.71,USD),,,,,,,
0,Punk,#1204,Bid:,0.05,ETH,($131.14,USD),,,,,,,
0,Punk,#120,Bid:,0.05,ETH,($131.14,USD),,,,,,,
0,Punk,#334,Bid:,0.05,ETH,($131.14,USD),,,,,,,
0,Punk,#442,Bid:,0.05,ETH,($131.14,USD),,,,,,,
0,Punk,#626,Bid:,0.05,ETH,($131.14,USD),,,,,,,
0,Punk,#4711,Bid:,0.05,ETH,($131.14,USD),,,,,,,
0,Punk,#1038,Bid:,0.05,ETH,($131.14,USD),,,,,,,
0,Punk,#1220,Bid:,0.05,ETH,($131.14,USD),,,,,,,
0,Punk,#1390,Bid:,0.05,ETH,($131.14,USD),,,,,,,
0,Punk,#6607,Bid:,0.05,ETH,($131.14,USD),,,,,,,
0,Punk,#1671,Bid:,0.05,ETH,($131.14,USD),,,,,,,
0,Punk,#729,Bid:,0.05,ETH,($131.14,USD),,,,,,,
0,Punk,#1843,For,Sale:,125,ETH,"($321,413.76",USD),Bid:,0.05,ETH,($131.14,USD),
0,Punk,#9736,Bid:,0.05,ETH,($131.14,USD),,,,,,,
0,Punk,#2270,Bid:,0.05,ETH,($131.14,USD),,,,,,,
0,Punk,#2362,Bid:,0.05,ETH,($131.14,USD),,,,,,,
0,Punk,#2536,Bid:,0.05,ETH,($131.14,USD),,,,,,,
0,Punk,#2893,Bid:,0.05,ETH,($131.14,USD),,,,,,,
0,Punk,#3043,Bid:,0.05,ETH,($131.14,USD),,,,,,,
0,Punk,#3035,Bid:,0.05,ETH,($131.14,USD),,,,,,,
0,Punk,#3124,Bid:,0.05,ETH,($131.14,USD),,,,,,,
0,Punk,#3555,Bid:,0.05,ETH,($131.14,USD),,,,,,,
0,Punk,#3775,Bid:,0.05,ETH,($131.14,USD),,,,,,,
0,Punk,#3883,Bid:,0.05,ETH,($131.14,USD),,,,,,,
0,Punk,#5192,Bid:,0.05,ETH,($131.14,USD),,,,,,,
0,Punk,#4336,Bid:,0.05,ETH,($131.14,USD),,,,,,,
0,Punk,#4403,Bid:,0.05,ETH,($131.14,USD),,,,,,,
0,Punk,#9890,For,Sale:,23,ETH,"($59,140.13",USD),Bid:,0.05,ETH,($131.14,USD),
0,Punk,#4921,Bid:,0.05,ETH,($131.14,USD),,,,,,,
0,Punk,#5281,Bid:,0.05,ETH,($131.14,USD),,,,,,,
0,Punk,#8405,Bid:,0.05,ETH,($131.14,USD),,,,,,,
0,Punk,#5386,Bid:,0.05,ETH,($131.14,USD),,,,,,,
0,Punk,#5508,Bid:,0.05,ETH,($131.14,USD),,,,,,,
0,Punk,#5714,Bid:,0.05,ETH,($131.14,USD),,,,,,,
0,Punk,#5844,Bid:,0.05,ETH,($131.14,USD),,,,,,,
0,Punk,#6204,Bid:,0.05,ETH,($131.14,USD),,,,,,,
0,Punk,#6188,Bid:,0.05,ETH,($131.14,USD),,,,,,,
0,Punk,#6176,Bid:,0.05,ETH,($131.14,USD),,,,,,,
0,Punk,#6280,Bid:,0.05,ETH,($131.14,USD),,,,,,,
0,Punk,#6375,Bid:,0.05,ETH,($131.14,USD),,,,,,,
0,Punk,#6370,Bid:,0.05,ETH,($131.14,USD),,,,,,,
0,Punk,#6560,Bid:,0.05,ETH,($131.14,USD),,,,,,,
0,Punk,#6889,Bid:,0.05,ETH,($131.14,USD),,,,,,,
0,Punk,#7063,Bid:,0.05,ETH,($131.14,USD),,,,,,,
0,Punk,#7269,Bid:,0.05,ETH,($131.14,USD),,,,,,,
0,Punk,#7380,Bid:,0.05,ETH,($131.14,USD),,,,,,,
0,Punk,#7599,Bid:,0.05,ETH,($131.14,USD),,,,,,,
0,Punk,#8128,Bid:,0.05,ETH,($131.14,USD),,,,,,,
0,Punk,#8094,Bid:,0.05,ETH,($131.14,USD),,,,,,,
0,Punk,#8102,Bid:,0.05,ETH,($131.14,USD),,,,,,,
0,Punk,#8228,Bid:,0.05,ETH,($131.14,USD),,,,,,,
0,Punk,#8587,Bid:,0.05,ETH,($131.14,USD),,,,,,,
0,Punk,#8804,Bid:,0.05,ETH,($131.14,USD),,,,,,,
0,Punk,#9006,Bid:,0.05,ETH,($131.14,USD),,,,,,,
0,Punk,#8986,Bid:,0.05,ETH,($131.14,USD),,,,,,,
0,Punk,#8962,Bid:,0.05,ETH,($131.14,USD),,,,,,,
0,Punk,#9397,Bid:,0.05,ETH,($131.14,USD),,,,,,,
0,Punk,#9424,Bid:,0.05,ETH,($131.14,USD),,,,,,,
0,Punk,#9870,Bid:,0.05,ETH,($131.14,USD),,,,,,,
0,Punk,#8410,For,Sale:,34.5,ETH,"($88,710.20",USD),Bid:,0.05,ETH,($131.14,USD),
0,Punk,#7895,Bid:,0.05,ETH,($131.14,USD),,,,,,,
0,Punk,#9852,Bid:,0.05,ETH,($131.14,USD),,,,,,,
0,Punk,#7420,Bid:,0.05,ETH,($131.14,USD),,,,,,,
0,Punk,#6227,Bid:,0.05,ETH,($128.57,USD),,,,,,,
0,Punk,#707,Bid:,0.05,ETH,($128.57,USD),,,,,,,
0,Punk,#8997,Bid:,0.05,ETH,($128.57,USD),,,,,,,
0,Punk,#8966,Bid:,0.05,ETH,($128.57,USD),,,,,,,
0,Punk,#3521,Bid:,0.05,ETH,($128.57,USD),,,,,,,
0,Punk,#649,Bid:,0.05,ETH,($128.57,USD),,,,,,,
0,Punk,#7853,Bid:,0.05,ETH,($128.57,USD),,,,,,,
0,Punk,#3648,Bid:,0.05,ETH,($128.57,USD),,,,,,,
0,Punk,#2859,Bid:,0.05,ETH,($128.57,USD),,,,,,,
0,Punk,#3872,Bid:,0.05,ETH,($128.57,USD),,,,,,,
0,Punk,#2929,Bid:,0.05,ETH,($128.57,USD),,,,,,,
0,Punk,#7792,Bid:,0.05,ETH,($128.57,USD),,,,,,,
0,Punk,#3926,Bid:,0.05,ETH,($128.57,USD),,,,,,,
0,Punk,#3616,For,Sale:,45,ETH,"($115,708.95",USD),Bid:,0.05,ETH,($128.57,USD),
0,Punk,#3558,For,Sale:,35,ETH,"($89,995.85",USD),Bid:,0.05,ETH,($128.57,USD),
0,Punk,#1228,Bid:,0.05,ETH,($128.57,USD),,,,,,,
0,Punk,#3995,Bid:,0.05,ETH,($128.57,USD),,,,,,,
0,Punk,#3924,Bid:,0.05,ETH,($128.57,USD),,,,,,,
0,Punk,#4010,Bid:,0.05,ETH,($128.57,USD),,,,,,,
0,Punk,#1252,Bid:,0.05,ETH,($128.57,USD),,,,,,,
0,Punk,#4048,Bid:,0.05,ETH,($128.57,USD),,,,,,,
0,Punk,#8849,Bid:,0.05,ETH,($128.57,USD),,,,,,,
0,Punk,#7595,Bid:,0.05,ETH,($128.57,USD),,,,,,,
0,Punk,#8047,Bid:,0.05,ETH,($128.57,USD),,,,,,,
0,Punk,#2840,Bid:,0.05,ETH,($128.57,USD),,,,,,,
0,Punk,#4150,Bid:,0.05,ETH,($128.57,USD),,,,,,,
0,Punk,#3449,Bid:,0.05,ETH,($128.57,USD),,,,,,,
0,Punk,#7561,Bid:,0.05,ETH,($128.57,USD),,,,,,,
0,Punk,#3362,Bid:,0.05,ETH,($128.57,USD),,,,,,,
0,Punk,#3298,Bid:,0.05,ETH,($128.57,USD),,,,,,,
0,Punk,#4254,Bid:,0.05,ETH,($128.57,USD),,,,,,,
0,Punk,#7585,Bid:,0.05,ETH,($128.57,USD),,,,,,,
0,Punk,#5514,Bid:,0.05,ETH,($128.57,USD),,,,,,,
0,Punk,#3292,Bid:,0.05,ETH,($128.57,USD),,,,,,,
0,Punk,#3267,Bid:,0.05,ETH,($128.57,USD),,,,,,,
0,Punk,#8123,Bid:,0.05,ETH,($128.57,USD),,,,,,,
0,Punk,#8161,Bid:,0.05,ETH,($128.57,USD),,,,,,,
0,Punk,#7515,For,Sale:,100,ETH,"($257,131.01",USD),Bid:,0.05,ETH,($128.57,USD),
0,Punk,#3247,Bid:,0.05,ETH,($128.57,USD),,,,,,,
0,Punk,#1317,Bid:,0.05,ETH,($128.57,USD),,,,,,,
0,Punk,#8259,For,Sale:,35.8,ETH,"($92,052.90",USD),Bid:,0.05,ETH,($128.57,USD),
0,Punk,#2747,Bid:,0.05,ETH,($128.57,USD),,,,,,,
0,Punk,#4418,Bid:,0.05,ETH,($128.57,USD),,,,,,,
0,Punk,#6564,Bid:,0.05,ETH,($128.57,USD),,,,,,,
0,Punk,#4417,Bid:,0.05,ETH,($128.57,USD),,,,,,,
0,Punk,#3084,Bid:,0.05,ETH,($128.57,USD),,,,,,,
0,Punk,#9428,For,Sale:,25,ETH,"($64,282.75",USD),Bid:,0.05,ETH,($128.57,USD),
0,Punk,#4707,Bid:,0.05,ETH,($128.57,USD),,,,,,,
0,Punk,#7367,Bid:,0.05,ETH,($128.57,USD),,,,,,,
0,Punk,#2407,Bid:,0.05,ETH,($128.57,USD),,,,,,,
0,Punk,#4492,Bid:,0.05,ETH,($128.57,USD),,,,,,,
0,Punk,#4468,For,Sale:,114,ETH,"($293,129.35",USD),Bid:,0.05,ETH,($128.57,USD),
0,Punk,#4541,Bid:,0.05,ETH,($128.57,USD),,,,,,,
0,Punk,#4545,Bid:,0.05,ETH,($128.57,USD),,,,,,,
0,Punk,#7735,For,Sale:,38,ETH,"($97,709.78",USD),Bid:,0.05,ETH,($128.57,USD),
0,Punk,#7328,Bid:,0.05,ETH,($128.57,USD),,,,,,,
0,Punk,#4572,Bid:,0.05,ETH,($128.57,USD),,,,,,,
0,Punk,#8321,Bid:,0.05,ETH,($128.57,USD),,,,,,,
0,Punk,#1462,Bid:,0.05,ETH,($128.57,USD),,,,,,,
0,Punk,#2978,For,Sale:,42,ETH,"($107,995.02",USD),Bid:,0.05,ETH,($128.57,USD),
0,Punk,#2709,Bid:,0.05,ETH,($128.57,USD),,,,,,,
0,Punk,#4598,Bid:,0.05,ETH,($128.57,USD),,,,,,,
0,Punk,#7301,Bid:,0.05,ETH,($128.57,USD),,,,,,,
0,Punk,#4676,Bid:,0.05,ETH,($128.57,USD),,,,,,,
0,Punk,#7694,Bid:,0.05,ETH,($128.57,USD),,,,,,,
0,Punk,#7279,Bid:,0.05,ETH,($128.57,USD),,,,,,,
0,Punk,#6329,Bid:,0.05,ETH,($128.57,USD),,,,,,,
0,Punk,#7699,Bid:,0.05,ETH,($128.57,USD),,,,,,,
0,Punk,#7221,Bid:,0.05,ETH,($128.57,USD),,,,,,,
0,Punk,#2548,Bid:,0.05,ETH,($128.57,USD),,,,,,,
0,Punk,#773,For,Sale:,44.99,ETH,"($115,683.24",USD),Bid:,0.05,ETH,($128.57,USD),
0,Punk,#6978,For,Sale:,69,ETH,"($177,420.39",USD),Bid:,0.05,ETH,($128.57,USD),
0,Punk,#7697,Bid:,0.05,ETH,($128.57,USD),,,,,,,
0,Punk,#4872,Bid:,0.05,ETH,($128.57,USD),,,,,,,
0,Punk,#1906,For,Sale:,32.99,ETH,"($84,827.52",USD),Bid:,0.05,ETH,($128.57,USD),
0,Punk,#4904,For,Sale:,"5,000",ETH,"($12,856,550.29",USD),Bid:,0.05,ETH,($128.57,USD),
0,Punk,#7201,For,Sale:,33,ETH,"($84,853.23",USD),Bid:,0.05,ETH,($128.57,USD),
0,Punk,#7189,Bid:,0.05,ETH,($128.57,USD),,,,,,,
0,Punk,#8416,Bid:,0.05,ETH,($128.57,USD),,,,,,,
0,Punk,#879,Bid:,0.05,ETH,($128.57,USD),,,,,,,
0,Punk,#4967,Bid:,0.05,ETH,($128.57,USD),,,,,,,
0,Punk,#9788,Bid:,0.05,ETH,($128.57,USD),,,,,,,
0,Punk,#8469,For,Sale:,55,ETH,"($141,422.05",USD),Bid:,0.05,ETH,($128.57,USD),
0,Punk,#4997,Bid:,0.05,ETH,($128.57,USD),,,,,,,
0,Punk,#7152,Bid:,0.05,ETH,($128.57,USD),,,,,,,
0,Punk,#7174,Bid:,0.05,ETH,($128.57,USD),,,,,,,
0,Punk,#279,Bid:,0.05,ETH,($128.57,USD),,,,,,,
0,Punk,#325,Bid:,0.05,ETH,($128.57,USD),,,,,,,
0,Punk,#1795,Bid:,0.05,ETH,($128.57,USD),,,,,,,
0,Punk,#9104,Bid:,0.05,ETH,($128.57,USD),,,,,,,
0,Punk,#9080,Bid:,0.05,ETH,($128.57,USD),,,,,,,
0,Punk,#5047,Bid:,0.05,ETH,($128.57,USD),,,,,,,
0,Punk,#7093,Bid:,0.05,ETH,($128.57,USD),,,,,,,
0,Punk,#7047,Bid:,0.05,ETH,($128.57,USD),,,,,,,
0,Punk,#5082,Bid:,0.05,ETH,($128.57,USD),,,,,,,
0,Punk,#5068,Bid:,0.05,ETH,($128.57,USD),,,,,,,
0,Punk,#1632,Bid:,0.05,ETH,($128.57,USD),,,,,,,
0,Punk,#5155,Bid:,0.05,ETH,($128.57,USD),,,,,,,
0,Punk,#7298,For,Sale:,25,ETH,"($64,282.75",USD),Bid:,0.05,ETH,($128.57,USD),
0,Punk,#5168,Bid:,0.05,ETH,($128.57,USD),,,,,,,
0,Punk,#9592,Bid:,0.05,ETH,($128.57,USD),,,,,,,
0,Punk,#1644,Bid:,0.05,ETH,($128.57,USD),,,,,,,
0,Punk,#2279,Bid:,0.05,ETH,($128.57,USD),,,,,,,
0,Punk,#5159,Bid:,0.05,ETH,($128.57,USD),,,,,,,
0,Punk,#7027,For,Sale:,185,ETH,"($475,692.36",USD),Bid:,0.05,ETH,($128.57,USD),
0,Punk,#8556,Bid:,0.05,ETH,($128.57,USD),,,,,,,
0,Punk,#6974,Bid:,0.05,ETH,($128.57,USD),,,,,,,
0,Punk,#5264,Bid:,0.05,ETH,($128.57,USD),,,,,,,
0,Punk,#8754,Bid:,0.05,ETH,($128.57,USD),,,,,,,
0,Punk,#5297,Bid:,0.05,ETH,($128.57,USD),,,,,,,
0,Punk,#4798,For,Sale:,43,ETH,"($110,566.33",USD),Bid:,0.05,ETH,($128.57,USD),
0,Punk,#4558,For,Sale:,150,ETH,"($385,696.51",USD),Bid:,0.05,ETH,($128.57,USD),
0,Punk,#5303,Bid:,0.05,ETH,($128.57,USD),,,,,,,
0,Punk,#5307,Bid:,0.05,ETH,($128.57,USD),,,,,,,
0,Punk,#9565,Bid:,0.05,ETH,($128.57,USD),,,,,,,
0,Punk,#6922,Bid:,0.05,ETH,($128.57,USD),,,,,,,
0,Punk,#918,For,Sale:,120,ETH,"($308,557.21",USD),Bid:,0.05,ETH,($128.57,USD),
0,Punk,#5377,Bid:,0.05,ETH,($128.57,USD),,,,,,,
0,Punk,#6906,Bid:,0.05,ETH,($128.57,USD),,,,,,,
0,Punk,#9584,Bid:,0.05,ETH,($128.57,USD),,,,,,,
0,Punk,#5408,Bid:,0.05,ETH,($128.57,USD),,,,,,,
0,Punk,#5410,Bid:,0.05,ETH,($128.57,USD),,,,,,,
0,Punk,#5419,Bid:,0.05,ETH,($128.57,USD),,,,,,,
0,Punk,#2199,Bid:,0.05,ETH,($128.57,USD),,,,,,,
0,Punk,#333,Bid:,0.05,ETH,($128.57,USD),,,,,,,
0,Punk,#5413,Bid:,0.05,ETH,($128.57,USD),,,,,,,
0,Punk,#9526,Bid:,0.05,ETH,($128.57,USD),,,,,,,
0,Punk,#5513,Bid:,0.05,ETH,($128.57,USD),,,,,,,
0,Punk,#9473,Bid:,0.05,ETH,($128.57,USD),,,,,,,
0,Punk,#389,Bid:,0.05,ETH,($128.57,USD),,,,,,,
0,Punk,#5557,Bid:,0.05,ETH,($128.57,USD),,,,,,,
0,Punk,#8569,For,Sale:,52,ETH,"($133,708.12",USD),Bid:,0.05,ETH,($128.57,USD),
0,Punk,#2226,Bid:,0.05,ETH,($128.57,USD),,,,,,,
0,Punk,#5633,Bid:,0.05,ETH,($128.57,USD),,,,,,,
0,Punk,#6052,For,Sale:,25,ETH,"($64,282.75",USD),Bid:,0.05,ETH,($128.57,USD),
0,Punk,#5522,For,Sale:,100,ETH,"($257,131.01",USD),Bid:,0.05,ETH,($128.57,USD),
0,Punk,#5634,For,Sale:,54.49,ETH,"($140,110.69",USD),Bid:,0.05,ETH,($128.57,USD),
0,Punk,#5615,Bid:,0.05,ETH,($128.57,USD),,,,,,,
0,Punk,#1720,Bid:,0.05,ETH,($128.57,USD),,,,,,,
0,Punk,#8530,For,Sale:,69,ETH,"($177,420.39",USD),Bid:,0.05,ETH,($128.57,USD),
0,Punk,#8589,Bid:,0.05,ETH,($128.57,USD),,,,,,,
0,Punk,#6753,For,Sale:,65,ETH,"($167,135.15",USD),Bid:,0.05,ETH,($128.57,USD),
0,Punk,#3974,Bid:,0.05,ETH,($128.57,USD),,,,,,,
0,Punk,#2162,Bid:,0.05,ETH,($128.57,USD),,,,,,,
0,Punk,#6687,For,Sale:,"30,349",ETH,"($78,036,688.97",USD),Bid:,0.05,ETH,($128.57,USD),
0,Punk,#6812,Bid:,0.05,ETH,($128.57,USD),,,,,,,
0,Punk,#1762,Bid:,0.05,ETH,($128.57,USD),,,,,,,
0,Punk,#9412,Bid:,0.05,ETH,($128.57,USD),,,,,,,
0,Punk,#514,Bid:,0.05,ETH,($128.57,USD),,,,,,,
0,Punk,#5677,Bid:,0.05,ETH,($128.57,USD),,,,,,,
0,Punk,#8704,Bid:,0.05,ETH,($128.57,USD),,,,,,,
0,Punk,#5916,Bid:,0.05,ETH,($128.57,USD),,,,,,,
0,Punk,#5900,Bid:,0.05,ETH,($128.57,USD),,,,,,,
0,Punk,#2034,Bid:,0.05,ETH,($128.57,USD),,,,,,,
0,Punk,#716,Bid:,0.05,ETH,($128.57,USD),,,,,,,
0,Punk,#9333,For,Sale:,40,ETH,"($102,852.40",USD),Bid:,0.05,ETH,($128.57,USD),
0,Punk,#6474,For,Sale:,30,ETH,"($77,139.30",USD),Bid:,0.05,ETH,($128.57,USD),
0,Punk,#6023,Bid:,0.05,ETH,($128.57,USD),,,,,,,
0,Punk,#8791,Bid:,0.05,ETH,($128.57,USD),,,,,,,
0,Punk,#9276,Bid:,0.05,ETH,($128.57,USD),,,,,,,
0,Punk,#8822,Bid:,0.05,ETH,($128.57,USD),,,,,,,
0,Punk,#8915,Bid:,0.05,ETH,($128.57,USD),,,,,,,
0,Punk,#6116,Bid:,0.05,ETH,($128.57,USD),,,,,,,
0,Punk,#6373,Bid:,0.05,ETH,($128.57,USD),,,,,,,
0,Punk,#623,Bid:,0.05,ETH,($128.57,USD),,,,,,,
0,Punk,#6155,Bid:,0.05,ETH,($128.57,USD),,,,,,,
0,Punk,#400,Bid:,0.05,ETH,($128.57,USD),,,,,,,
0,Punk,#6194,Bid:,0.05,ETH,($128.57,USD),,,,,,,
0,Punk,#1789,Bid:,0.05,ETH,($128.57,USD),,,,,,,
0,Punk,#622,For,Sale:,32.3,ETH,"($83,053.31",USD),Bid:,0.05,ETH,($128.57,USD),
0,Punk,#6220,Bid:,0.05,ETH,($128.57,USD),,,,,,,
0,Punk,#5026,Bid:,0.05,ETH,($128.57,USD),,,,,,,
0,Punk,#4833,For,Sale:,30.96,ETH,"($79,607.76",USD),Bid:,0.05,ETH,($128.57,USD),
0,Punk,#2021,Bid:,0.05,ETH,($128.57,USD),,,,,,,
0,Punk,#3752,Bid:,0.05,ETH,($128.57,USD),,,,,,,
0,Punk,#3825,Bid:,0.05,ETH,($128.57,USD),,,,,,,
0,Punk,#4739,Bid:,0.05,ETH,($128.57,USD),,,,,,,
0,Punk,#4666,Bid:,0.05,ETH,($128.57,USD),,,,,,,
0,Punk,#3808,Bid:,0.05,ETH,($128.57,USD),,,,,,,
0,Punk,#4835,Bid:,0.05,ETH,($128.57,USD),,,,,,,
0,Punk,#6594,Bid:,0.05,ETH,($128.57,USD),,,,,,,
0,Punk,#1236,Bid:,0.05,ETH,($128.57,USD),,,,,,,
0,Punk,#1213,Bid:,0.05,ETH,($128.57,USD),,,,,,,
0,Punk,#8718,Bid:,0.04,ETH,($106.03,USD),,,,,,,
0,Punk,#4958,Bid:,0.04,ETH,($102.85,USD),,,,,,,
0,Punk,#746,Bid:,0.04,ETH,($102.85,USD),,,,,,,
0,Punk,#7319,Bid:,0.04,ETH,($98.35,USD),,,,,,,
0,Punk,#3047,Bid:,0.04,ETH,($98.35,USD),,,,,,,
0,Punk,#7317,Bid:,0.04,ETH,($98.35,USD),,,,,,,
0,Punk,#1211,Bid:,0.04,ETH,($98.35,USD),,,,,,,
0,Punk,#4948,For,Sale:,19.99,ETH,"($51,400.49",USD),Bid:,0.04,ETH,($98.35,USD),
0,Punk,#5357,Bid:,0.04,ETH,($98.35,USD),,,,,,,
0,Punk,#3499,For,Sale:,500,ETH,"($1,285,655.03",USD),Bid:,0.04,ETH,($98.35,USD),
0,Punk,#1216,Bid:,0.04,ETH,($98.35,USD),,,,,,,
0,Punk,#4305,Bid:,0.04,ETH,($98.35,USD),,,,,,,
0,Punk,#4343,Bid:,0.04,ETH,($98.35,USD),,,,,,,
0,Punk,#6768,Bid:,0.04,ETH,($98.35,USD),,,,,,,
0,Punk,#2232,Bid:,0.04,ETH,($98.35,USD),,,,,,,
0,Punk,#1686,Bid:,0.04,ETH,($98.35,USD),,,,,,,
0,Punk,#7513,Bid:,0.04,ETH,($98.35,USD),,,,,,,
0,Punk,#1257,Bid:,0.04,ETH,($98.35,USD),,,,,,,
0,Punk,#1155,Bid:,0.04,ETH,($98.35,USD),,,,,,,
0,Punk,#8954,For,Sale:,50,ETH,"($128,565.50",USD),Bid:,0.04,ETH,($98.35,USD),
0,Punk,#2045,Bid:,0.04,ETH,($98.35,USD),,,,,,,
0,Punk,#8477,Bid:,0.04,ETH,($98.35,USD),,,,,,,
0,Punk,#3207,Bid:,0.04,ETH,($98.35,USD),,,,,,,
0,Punk,#836,Bid:,0.04,ETH,($98.35,USD),,,,,,,
0,Punk,#7078,Bid:,0.04,ETH,($98.35,USD),,,,,,,
0,Punk,#6691,Bid:,0.04,ETH,($98.35,USD),,,,,,,
0,Punk,#2010,Bid:,0.04,ETH,($98.35,USD),,,,,,,
0,Punk,#4083,Bid:,0.04,ETH,($90.00,USD),,,,,,,
0,Punk,#5084,Bid:,0.03,ETH,($84.85,USD),,,,,,,
0,Punk,#3065,Bid:,0.03,ETH,($79.71,USD),,,,,,,
0,Punk,#544,Bid:,0.03,ETH,($77.14,USD),,,,,,,
0,Punk,#3643,Bid:,0.03,ETH,($77.14,USD),,,,,,,
0,Punk,#726,Bid:,0.03,ETH,($77.14,USD),,,,,,,
0,Punk,#1727,Bid:,0.03,ETH,($77.14,USD),,,,,,,
0,Punk,#8366,Bid:,0.03,ETH,($77.14,USD),,,,,,,
0,Punk,#9780,Bid:,0.03,ETH,($77.14,USD),,,,,,,
0,Punk,#9100,Bid:,0.03,ETH,($77.14,USD),,,,,,,
0,Punk,#6486,Bid:,0.03,ETH,($77.14,USD),,,,,,,
0,Punk,#2182,For,Sale:,32.99,ETH,"($84,827.52",USD),Bid:,0.03,ETH,($77.14,USD),
0,Punk,#2273,Bid:,0.03,ETH,($69.43,USD),,,,,,,
0,Punk,#2134,Bid:,0.03,ETH,($69.43,USD),,,,,,,
0,Punk,#8862,Bid:,0.02,ETH,($64.28,USD),,,,,,,
0,Punk,#1031,Bid:,0.02,ETH,($64.28,USD),,,,,,,
0,Punk,#39,Bid:,0.02,ETH,($64.28,USD),,,,,,,
0,Punk,#5095,Bid:,0.02,ETH,($64.28,USD),,,,,,,
0,Punk,#5669,Bid:,0.02,ETH,($59.14,USD),,,,,,,
0,Punk,#4247,Bid:,0.02,ETH,($54.00,USD),,,,,,,
0,Punk,#3669,Bid:,0.02,ETH,($54.00,USD),,,,,,,
0,Punk,#8314,Bid:,0.02,ETH,($51.43,USD),,,,,,,
0,Punk,#1283,Bid:,0.02,ETH,($51.43,USD),,,,,,,
0,Punk,#9315,Bid:,0.02,ETH,($51.43,USD),,,,,,,
0,Punk,#9482,Bid:,0.02,ETH,($51.43,USD),,,,,,,
0,Punk,#9433,Bid:,0.02,ETH,($51.43,USD),,,,,,,
0,Punk,#4029,For,Sale:,80,ETH,"($205,704.80",USD),Bid:,0.02,ETH,($51.43,USD),
0,Punk,#2890,Bid:,0.02,ETH,($51.43,USD),,,,,,,
0,Punk,#2355,Bid:,0.02,ETH,($51.43,USD),,,,,,,
0,Punk,#5127,Bid:,0.02,ETH,($51.43,USD),,,,,,,
0,Punk,#8721,Bid:,0.02,ETH,($51.43,USD),,,,,,,
0,Punk,#8138,Bid:,0.02,ETH,($51.43,USD),,,,,,,
0,Punk,#8917,Bid:,0.02,ETH,($51.43,USD),,,,,,,
0,Punk,#8977,Bid:,0.02,ETH,($51.43,USD),,,,,,,
0,Punk,#4966,Bid:,0.02,ETH,($43.71,USD),,,,,,,
0,Punk,#4513,Bid:,0.02,ETH,($41.14,USD),,,,,,,
0,Punk,#9566,Bid:,0.02,ETH,($38.57,USD),,,,,,,
0,Punk,#51,Bid:,0.02,ETH,($38.57,USD),,,,,,,
0,Punk,#672,Bid:,0.01,ETH,($30.86,USD),,,,,,,
0,Punk,#2849,Bid:,0.01,ETH,($28.28,USD),,,,,,,
0,Punk,#5181,Bid:,0.01,ETH,($28.28,USD),,,,,,,
0,Punk,#5693,Bid:,0.01,ETH,($28.28,USD),,,,,,,
0,Punk,#9279,Bid:,0.01,ETH,($25.71,USD),,,,,,,
0,Punk,#621,Bid:,0.01,ETH,($25.71,USD),,,,,,,
0,Punk,#2007,Bid:,0.01,ETH,($25.71,USD),,,,,,,
0,Punk,#5071,Bid:,0.01,ETH,($25.71,USD),,,,,,,
0,Punk,#3258,Bid:,0.01,ETH,($25.71,USD),,,,,,,
0,Punk,#5358,Bid:,0.01,ETH,($25.71,USD),,,,,,,
0,Punk,#2219,Bid:,0.01,ETH,($25.71,USD),,,,,,,
0,Punk,#2500,Bid:,0.01,ETH,($25.71,USD),,,,,,,
0,Punk,#399,Bid:,0.01,ETH,($25.71,USD),,,,,,,
0,Punk,#4060,Bid:,0.01,ETH,($25.71,USD),,,,,,,
0,Punk,#5422,Bid:,0.01,ETH,($25.71,USD),,,,,,,
0,Punk,#2897,Bid:,0.01,ETH,($25.71,USD),,,,,,,
0,Punk,#2829,For,Sale:,250,ETH,"($642,827.51",USD),Bid:,0.01,ETH,($25.71,USD),
0,Punk,#3788,Bid:,0.01,ETH,($25.71,USD),,,,,,,
0,Punk,#207,Bid:,0.01,ETH,($25.71,USD),,,,,,,
0,Punk,#5245,Bid:,0.01,ETH,($25.71,USD),,,,,,,
0,Punk,#255,Bid:,0.01,ETH,($15.17,USD),,,,,,,
0,Punk,#7442,Bid:,0,ETH,($12.86,USD),,,,,,,
0,Punk,#2841,Bid:,0,ETH,($12.86,USD),,,,,,,
0,Punk,#1922,Bid:,0,ETH,($12.86,USD),,,,,,,
0,Punk,#3269,For,Sale:,29.42,ETH,"($75,647.94",USD),Bid:,0,ETH,($12.86,USD),
0,Punk,#2229,Bid:,0,ETH,($12.86,USD),,,,,,,
0,Punk,#2436,Bid:,0,ETH,($12.86,USD),,,,,,,
0,Punk,#2599,Bid:,0,ETH,($10.29,USD),,,,,,,
0,Punk,#4943,Bid:,0,ETH,($7.71,USD),,,,,,,
0,Punk,#9235,Bid:,0,ETH,($6.17,USD),,,,,,,
0,Punk,#9856,Bid:,0,ETH,($5.91,USD),,,,,,,
0,Punk,#1091,Bid:,0,ETH,($5.14,USD),,,,,,,
0,Punk,#7804,Bid:,0,ETH,($5.14,USD),,,,,,,
0,Punk,#635,Bid:,0,ETH,($5.14,USD),,,,,,,
0,Punk,#2,Bid:,0,ETH,($5.14,USD),,,,,,,
0,Punk,#872,Bid:,0,ETH,($5.14,USD),,,,,,,
0,Punk,#9195,Bid:,0,ETH,($5.14,USD),,,,,,,
0,Punk,#49,Bid:,0,ETH,($2.57,USD),,,,,,,
0,Punk,#3491,Bid:,0,ETH,($2.57,USD),,,,,,,
0,Punk,#2537,Bid:,0,ETH,($2.57,USD),,,,,,,
0,Punk,#8030,Bid:,0,ETH,($2.57,USD),,,,,,,
0,Punk,#60,Bid:,0,ETH,($2.57,USD),,,,,,,
0,Punk,#1595,For,Sale:,32.99,ETH,"($84,827.52",USD),Bid:,0,ETH,($2.57,USD),
0,Punk,#9264,Bid:,0,ETH,($2.57,USD),,,,,,,
0,Punk,#6283,For,Sale:,33,ETH,"($84,853.23",USD),Bid:,0,ETH,($2.57,USD),
0,Punk,#8792,Bid:,0,ETH,($2.57,USD),,,,,,,
0,Punk,#3188,For,Sale:,29,ETH,"($74,567.99",USD),Bid:,0,ETH,($2.57,USD),
0,Punk,#74,Bid:,0,ETH,($2.57,USD),,,,,,,
0,Punk,#1806,Bid:,0,ETH,($2.57,USD),,,,,,,
0,Punk,#4716,Bid:,0,ETH,($2.57,USD),,,,,,,
0,Punk,#3361,Bid:,0,ETH,($2.57,USD),,,,,,,
0,Punk,#3533,Bid:,0,ETH,($2.57,USD),,,,,,,
0,Punk,#63,Bid:,0,ETH,($2.57,USD),,,,,,,
0,Punk,#8913,Bid:,0,ETH,($2.57,USD),,,,,,,
0,Punk,#3517,Bid:,0,ETH,($2.57,USD),,,,,,,
0,Punk,#2011,Bid:,0,ETH,($2.57,USD),,,,,,,
0,Punk,#1000,For,Sale:,45,ETH,"($115,708.95",USD),Bid:,0,ETH,($2.57,USD),
0,Punk,#9619,Bid:,0,ETH,($2.57,USD),,,,,,,
0,Punk,#5854,Bid:,0,ETH,($0.77,USD),,,,,,,
0,Punk,#401,Bid:,0,ETH,($0.39,USD),,,,,,,
0,Punk,#2069,Bid:,0,ETH,($0.26,USD),,,,,,,
0,Punk,#4333,Bid:,0,ETH,($0.26,USD),,,,,,,
0,Punk,#52,Bid:,0,ETH,($0.26,USD),,,,,,,
0,Punk,#1564,For,Sale:,27.5,ETH,"($70,711.03",USD),Bid:,0,ETH,($0.26,USD),
0,Punk,#5019,Bid:,0,ETH,($0.26,USD),,,,,,,
0,Punk,#6025,Bid:,0,ETH,($0.26,USD),,,,,,,
0,Punk,#9694,Bid:,0,ETH,($0.08,USD),,,,,,,
0,Punk,#850,Bid:,0,ETH,($0.04,USD),,,,,,,
0,Punk,#1899,Bid:,0,ETH,($0.03,USD),,,,,,,
0,Punk,#4039,Bid:,0,ETH,($0.03,USD),,,,,,,
0,Punk,#4551,Bid:,0,ETH,(<,$0.01,USD),,,,,,
0,Punk,#9327,Bid:,0,ETH,(<,$0.01,USD),,,,,,
0,Punk,#6396,Bid:,0,ETH,(<,$0.01,USD),,,,,,
0,Punk,#728,Bid:,0,ETH,(<,$0.01,USD),,,,,,
0,Punk,#1003,Bid:,0,ETH,(<,$0.01,USD),,,,,,
0,Punk,#3221,Bid:,0,ETH,(<,$0.01,USD),,,,,,
0,Punk,#1757,Bid:,0,ETH,(<,$0.01,USD),,,,,,
0,Punk,#8759,Bid:,0,ETH,(<,$0.01,USD),,,,,,
0,Punk,#3840,Bid:,0,ETH,(<,$0.01,USD),,,,,,
0,Punk,#6416,Bid:,0,ETH,(<,$0.01,USD),,,,,,
0,Punk,#652,Bid:,0,ETH,(<,$0.01,USD),,,,,,
0,Punk,#4523,Bid:,0,ETH,(<,$0.01,USD),,,,,,
0,Punk,#6347,Bid:,0,ETH,(<,$0.01,USD),,,,,,
0,Punk,#6264,Bid:,0,ETH,(<,$0.01,USD),,,,,,
0,Punk,#1356,Bid:,0,ETH,(<,$0.01,USD),,,,,,
0,Punk,#6278,Bid:,0,ETH,(<,$0.01,USD),,,,,,
0,Punk,#1895,Bid:,0,ETH,(<,$0.01,USD),,,,,,
0,Punk,#6236,For,Sale:,50,ETH,"($128,565.50",USD),Bid:,0,ETH,(<,$0.01,USD)
0,Punk,#7135,Bid:,0,ETH,(<,$0.01,USD),,,,,,
0,Punk,#4000,Bid:,0,ETH,(<,$0.01,USD),,,,,,
0,Punk,#9043,Bid:,0,ETH,(<,$0.01,USD),,,,,,
0,Punk,#5630,Bid:,0,ETH,(<,$0.01,USD),,,,,,
0,Punk,#1834,Bid:,0,ETH,(<,$0.01,USD),,,,,,
0,Punk,#1668,Bid:,0,ETH,(<,$0.01,USD),,,,,,
0,Punk,#1942,For,Sale:,30,ETH,"($77,139.30",USD),Bid:,0,ETH,(<,$0.01,USD)
0,Punk,#6009,Bid:,0,ETH,(<,$0.01,USD),,,,,,
0,Punk,#6027,Bid:,0,ETH,(<,$0.01,USD),,,,,,
0,Punk,#5957,Bid:,0,ETH,(<,$0.01,USD),,,,,,
0,Punk,#3123,Bid:,0,ETH,(<,$0.01,USD),,,,,,
0,Punk,#8437,Bid:,0,ETH,(<,$0.01,USD),,,,,,
0,Punk,#9374,Bid:,0,ETH,(<,$0.01,USD),,,,,,
0,Punk,#2071,Bid:,0,ETH,(<,$0.01,USD),,,,,,
0,Punk,#4836,Bid:,0,ETH,(<,$0.01,USD),,,,,,
0,Punk,#8973,Bid:,0,ETH,(<,$0.01,USD),,,,,,
0,Punk,#2216,Bid:,0,ETH,(<,$0.01,USD),,,,,,
0,Punk,#9429,Bid:,0,ETH,(<,$0.01,USD),,,,,,
0,Punk,#5476,Bid:,0,ETH,(<,$0.01,USD),,,,,,
0,Punk,#6675,Bid:,0,ETH,(<,$0.01,USD),,,,,,
0,Punk,#5430,Bid:,0,ETH,(<,$0.01,USD),,,,,,
0,Punk,#9528,Bid:,0,ETH,(<,$0.01,USD),,,,,,
0,Punk,#5396,Bid:,0,ETH,(<,$0.01,USD),,,,,,
0,Punk,#5282,Bid:,0,ETH,(<,$0.01,USD),,,,,,
0,Punk,#5243,Bid:,0,ETH,(<,$0.01,USD),,,,,,
0,Punk,#2335,Bid:,0,ETH,(<,$0.01,USD),,,,,,
0,Punk,#4946,Bid:,0,ETH,(<,$0.01,USD),,,,,,
0,Punk,#9640,Bid:,0,ETH,(<,$0.01,USD),,,,,,
0,Punk,#9651,Bid:,0,ETH,(<,$0.01,USD),,,,,,
0,Punk,#4974,Bid:,0,ETH,(<,$0.01,USD),,,,,,
0,Punk,#4972,Bid:,0,ETH,(<,$0.01,USD),,,,,,
0,Punk,#9779,Bid:,0,ETH,(<,$0.01,USD),,,,,,
0,Punk,#9914,Bid:,0,ETH,(<,$0.01,USD),,,,,,
0,Punk,#6090,Bid:,0,ETH,(<,$0.01,USD),,,,,,
0,Punk,#3428,Bid:,0,ETH,(<,$0.01,USD),,,,,,
0,Punk,#4577,Bid:,0,ETH,(<,$0.01,USD),,,,,,
0,Punk,#2746,Bid:,0,ETH,(<,$0.01,USD),,,,,,
0,Punk,#4510,Bid:,0,ETH,(<,$0.01,USD),,,,,,
0,Punk,#4502,Bid:,0,ETH,(<,$0.01,USD),,,,,,
0,Punk,#4495,Bid:,0,ETH,(<,$0.01,USD),,,,,,
0,Punk,#4401,Bid:,0,ETH,(<,$0.01,USD),,,,,,
0,Punk,#2766,Bid:,0,ETH,(<,$0.01,USD),,,,,,
0,Punk,#3108,Bid:,0,ETH,(<,$0.01,USD),,,,,,
0,Punk,#4411,Bid:,0,ETH,(<,$0.01,USD),,,,,,
0,Punk,#3113,Bid:,0,ETH,(<,$0.01,USD),,,,,,
0,Punk,#3002,Bid:,0,ETH,(<,$0.01,USD),,,,,,
0,Punk,#3019,Bid:,0,ETH,(<,$0.01,USD),,,,,,
0,Punk,#3156,Bid:,0,ETH,(<,$0.01,USD),,,,,,
0,Punk,#3122,Bid:,0,ETH,(<,$0.01,USD),,,,,,
0,Punk,#3205,Bid:,0,ETH,(<,$0.01,USD),,,,,,
0,Punk,#3193,Bid:,0,ETH,(<,$0.01,USD),,,,,,
0,Punk,#4344,Bid:,0,ETH,(<,$0.01,USD),,,,,,
0,Punk,#4330,Bid:,0,ETH,(<,$0.01,USD),,,,,,
0,Punk,#1187,For,Sale:,251,ETH,"($645,398.82",USD),Bid:,0,ETH,(<,$0.01,USD)
0,Punk,#2830,Bid:,0,ETH,(<,$0.01,USD),,,,,,
0,Punk,#4266,Bid:,0,ETH,(<,$0.01,USD),,,,,,
0,Punk,#4203,Bid:,0,ETH,(<,$0.01,USD),,,,,,
0,Punk,#8429,For,Sale:,40,ETH,"($102,852.40",USD),Bid:,0,ETH,(<,$0.01,USD)
0,Punk,#4244,Bid:,0,ETH,(<,$0.01,USD),,,,,,
0,Punk,#3349,Bid:,0,ETH,(<,$0.01,USD),,,,,,
0,Punk,#3417,Bid:,0,ETH,(<,$0.01,USD),,,,,,
0,Punk,#3239,Bid:,0,ETH,(<,$0.01,USD),,,,,,
0,Punk,#3472,Bid:,0,ETH,(<,$0.01,USD),,,,,,
0,Punk,#4005,Bid:,0,ETH,(<,$0.01,USD),,,,,,
0,Punk,#3967,Bid:,0,ETH,(<,$0.01,USD),,,,,,
0,Punk,#3036,Bid:,0,ETH,(<,$0.01,USD),,,,,,
0,Punk,#2987,Bid:,0,ETH,(<,$0.01,USD),,,,,,
0,Punk,#3758,Bid:,0,ETH,(<,$0.01,USD),,,,,,
0,Punk,#7615,Bid:,0,ETH,(<,$0.01,USD),,,,,,
0,Punk,#7794,Bid:,0,ETH,(<,$0.01,USD),,,,,,
0,Punk,#6982,Bid:,0,ETH,(<,$0.01,USD),,,,,,
0,Punk,#4844,Bid:,0,ETH,(<,$0.01,USD),,,,,,
0,Punk,#7638,Bid:,0,ETH,(<,$0.01,USD),,,,,,
0,Punk,#8022,Bid:,0,ETH,(<,$0.01,USD),,,,,,
0,Punk,#8806,Bid:,0,ETH,(<,$0.01,USD),,,,,,
0,Punk,#5701,Bid:,0,ETH,(<,$0.01,USD),,,,,,
0,Punk,#7492,Bid:,0,ETH,(<,$0.01,USD),,,,,,
0,Punk,#7466,Bid:,0,ETH,(<,$0.01,USD),,,,,,
0,Punk,#1150,Bid:,0,ETH,(<,$0.01,USD),,,,,,
0,Punk,#8111,Bid:,0,ETH,(<,$0.01,USD),,,,,,
0,Punk,#8069,Bid:,0,ETH,(<,$0.01,USD),,,,,,
0,Punk,#1145,Bid:,0,ETH,(<,$0.01,USD),,,,,,
0,Punk,#7460,Bid:,0,ETH,(<,$0.01,USD),,,,,,
0,Punk,#2913,For,Sale:,69.42,ETH,"($178,500.34",USD),Bid:,0,ETH,(<,$0.01,USD)
0,Punk,#1270,Bid:,0,ETH,(<,$0.01,USD),,,,,,
0,Punk,#1387,Bid:,0,ETH,(<,$0.01,USD),,,,,,
0,Punk,#1368,Bid:,0,ETH,(<,$0.01,USD),,,,,,
0,Punk,#7318,Bid:,0,ETH,(<,$0.01,USD),,,,,,
0,Punk,#9351,For,Sale:,"1,000",ETH,"($2,571,310.06",USD),Bid:,0,ETH,(<,$0.01,USD)
0,Punk,#4670,For,Sale:,500,ETH,"($1,285,655.03",USD),Bid:,0,ETH,(<,$0.01,USD)
0,Punk,#7295,Bid:,0,ETH,(<,$0.01,USD),,,,,,
0,Punk,#7232,Bid:,0,ETH,(<,$0.01,USD),,,,,,
0,Punk,#934,Bid:,0,ETH,(<,$0.01,USD),,,,,,
0,Punk,#7205,Bid:,0,ETH,(<,$0.01,USD),,,,,,
0,Punk,#9724,For,Sale:,60,ETH,"($154,278.60",USD),Bid:,0,ETH,(<,$0.01,USD)
0,Punk,#5033,Bid:,0,ETH,(<,$0.01,USD),,,,,,
0,Punk,#7166,Bid:,0,ETH,(<,$0.01,USD),,,,,,
0,Punk,#7119,Bid:,0,ETH,(<,$0.01,USD),,,,,,
0,Punk,#795,Bid:,0,ETH,(<,$0.01,USD),,,,,,
0,Punk,#1583,Bid:,0,ETH,(<,$0.01,USD),,,,,,
0,Punk,#7099,Bid:,0,ETH,(<,$0.01,USD),,,,,,
0,Punk,#6998,For,Sale:,38,ETH,"($97,709.78",USD),Bid:,0,ETH,(<,$0.01,USD)
0,Punk,#6939,Bid:,0,ETH,(<,$0.01,USD),,,,,,
0,Punk,#1643,Bid:,0,ETH,(<,$0.01,USD),,,,,,
0,Punk,#4339,Bid:,0,ETH,(<,$0.01,USD),,,,,,
0,Punk,#2735,Bid:,0,ETH,(<,$0.01,USD),,,,,,
0,Punk,#8597,Bid:,0,ETH,(<,$0.01,USD),,,,,,
0,Punk,#6714,For,Sale:,50,ETH,"($128,565.50",USD),Bid:,0,ETH,(<,$0.01,USD)
0,Punk,#1729,Bid:,0,ETH,(<,$0.01,USD),,,,,,
0,Punk,#3236,Bid:,0,ETH,(<,$0.01,USD),,,,,,
0,Punk,#8692,For,Sale:,552,ETH,"($1,419,363.15",USD),Bid:,0,ETH,(<,$0.01,USD)
0,Punk,#1819,Bid:,0,ETH,(<,$0.01,USD),,,,,,
0,Punk,#424,Bid:,0,ETH,(<,$0.01,USD),,,,,,
0,Punk,#7629,Bid:,0,ETH,(<,$0.01,USD),,,,,,
0,Punk,#3945,Bid:,0,ETH,(<,$0.01,USD),,,,,,
0,Punk,#3550,Bid:,0,ETH,(<,$0.01,USD),,,,,,
0,Punk,#3955,Bid:,0,ETH,(<,$0.01,USD),,,,,,
0,Punk,#2996,Bid:,0,ETH,(<,$0.01,USD),,,,,,
0,Punk,#2842,Bid:,0,ETH,(<,$0.01,USD),,,,,,
0,Punk,#3783,Bid:,0,ETH,(<,$0.01,USD),,,,,,
0,Punk,#3644,Bid:,0,ETH,(<,$0.01,USD),,,,,,
0,Punk,#2943,Bid:,0,ETH,(<,$0.01,USD),,,,,,
0,Punk,#2912,Bid:,0,ETH,(<,$0.01,USD),,,,,,
0,Punk,#3721,Bid:,0,ETH,(<,$0.01,USD),,,,,,
0,Punk,#3218,For,Sale:,15.5,ETH,"($39,855.31",USD),Bid:,0,ETH,(<,$0.01,USD)
